{
    "MSE": 0.32699677573643393,
    "R2": 0.499626864785624
}