{
    "MSE": 2970930137.6631927,
    "R2": 0.7661500644542931
}